{"UUID":"SHgUQZ2wVsfg0ROry5PnDW","layoutMainAxisSizing":null,"layoutCrossAxisSizing":null,"name":"figma to fluuter","isVisible":true,"boundaryRectangle":null,"style":null,"prototypeNodeUUID":null,"child":null,"constraints":null,"debug":false,"pngPath":"/usr/src/app/temp-out/pb-tmp-b9fc72e8-6a4d-420f-bff9-0e213db826a4/figmatoflutter/lib/assets/images","pages":[{"UUID":"0:1","layoutMainAxisSizing":null,"layoutCrossAxisSizing":null,"name":"Page 1","isVisible":true,"boundaryRectangle":null,"style":null,"prototypeNodeUUID":null,"child":null,"constraints":null,"convert":true,"screens":[],"pbdlType":"page"}],"miscPages":[],"sharedStyles":[],"globalStyles":{"UUID":"","layoutMainAxisSizing":null,"layoutCrossAxisSizing":null,"name":"","isVisible":false,"boundaryRectangle":null,"style":null,"prototypeNodeUUID":null,"child":null,"constraints":null,"pbdlType":"global_styles","designSystem":"material","colors":[{"UUID":"1:89","layoutMainAxisSizing":null,"layoutCrossAxisSizing":null,"name":"System Bg Dark Base / Primary","isVisible":false,"boundaryRectangle":null,"style":null,"prototypeNodeUUID":null,"child":null,"constraints":null,"description":"","pbdlType":"global_color","color":{"a":1.0,"r":0.0,"g":0.0,"b":0.0}},{"UUID":"1:90","layoutMainAxisSizing":null,"layoutCrossAxisSizing":null,"name":"Label Light / Primary","isVisible":false,"boundaryRectangle":null,"style":null,"prototypeNodeUUID":null,"child":null,"constraints":null,"description":"","pbdlType":"global_color","color":{"a":1.0,"r":0.0,"g":0.0,"b":0.0}},{"UUID":"1:91","layoutMainAxisSizing":null,"layoutCrossAxisSizing":null,"name":"Label Dark / Primary","isVisible":false,"boundaryRectangle":null,"style":null,"prototypeNodeUUID":null,"child":null,"constraints":null,"description":"","pbdlType":"global_color","color":{"a":1.0,"r":1.0,"g":1.0,"b":1.0}},{"UUID":"1:92","layoutMainAxisSizing":null,"layoutCrossAxisSizing":null,"name":"Label Dark / Tertiary","isVisible":false,"boundaryRectangle":null,"style":null,"prototypeNodeUUID":null,"child":null,"constraints":null,"description":"","pbdlType":"global_color","color":{"a":1.0,"r":0.9215686321258545,"g":0.9215686321258545,"b":0.9607843160629272}},{"UUID":"1:93","layoutMainAxisSizing":null,"layoutCrossAxisSizing":null,"name":"Color Light / Green","isVisible":false,"boundaryRectangle":null,"style":null,"prototypeNodeUUID":null,"child":null,"constraints":null,"description":"","pbdlType":"global_color","color":{"a":1.0,"r":0.20392157137393951,"g":0.7803921699523926,"b":0.3490196168422699}},{"UUID":"1:94","layoutMainAxisSizing":null,"layoutCrossAxisSizing":null,"name":"Color Dark / Yellow","isVisible":false,"boundaryRectangle":null,"style":null,"prototypeNodeUUID":null,"child":null,"constraints":null,"description":"","pbdlType":"global_color","color":{"a":1.0,"r":1.0,"g":0.8392156958580017,"b":0.03921568766236305}},{"UUID":"1:95","layoutMainAxisSizing":null,"layoutCrossAxisSizing":null,"name":"SystemGreen / Light","isVisible":false,"boundaryRectangle":null,"style":null,"prototypeNodeUUID":null,"child":null,"constraints":null,"description":"class var systemGreen: UIColor","pbdlType":"global_color","color":{"a":1.0,"r":0.20392157137393951,"g":0.7803921699523926,"b":0.3490196168422699}},{"UUID":"1:82","layoutMainAxisSizing":null,"layoutCrossAxisSizing":null,"name":"white","isVisible":false,"boundaryRectangle":null,"style":null,"prototypeNodeUUID":null,"child":null,"constraints":null,"description":"","pbdlType":"global_color","color":{"a":1.0,"r":1.0,"g":1.0,"b":1.0}},{"UUID":"1:9","layoutMainAxisSizing":null,"layoutCrossAxisSizing":null,"name":"text 3","isVisible":false,"boundaryRectangle":null,"style":null,"prototypeNodeUUID":null,"child":null,"constraints":null,"description":"","pbdlType":"global_color","color":{"a":1.0,"r":0.7215686440467834,"g":0.7215686440467834,"b":0.8235294222831726}},{"UUID":"1:83","layoutMainAxisSizing":null,"layoutCrossAxisSizing":null,"name":"text 1","isVisible":false,"boundaryRectangle":null,"style":null,"prototypeNodeUUID":null,"child":null,"constraints":null,"description":"","pbdlType":"global_color","color":{"a":1.0,"r":0.12156862765550613,"g":0.12156862765550613,"b":0.2235294133424759}},{"UUID":"1:341","layoutMainAxisSizing":null,"layoutCrossAxisSizing":null,"name":"text 2","isVisible":false,"boundaryRectangle":null,"style":null,"prototypeNodeUUID":null,"child":null,"constraints":null,"description":"","pbdlType":"global_color","color":{"a":1.0,"r":0.5201736092567444,"g":0.5201736092567444,"b":0.5916666388511658}},{"UUID":"1:28","layoutMainAxisSizing":null,"layoutCrossAxisSizing":null,"name":"primary","isVisible":false,"boundaryRectangle":null,"style":null,"prototypeNodeUUID":null,"child":null,"constraints":null,"description":"","pbdlType":"global_color","color":{"a":1.0,"r":0.2398589849472046,"g":0.36148160696029663,"b":1.0}},{"UUID":"1:342","layoutMainAxisSizing":null,"layoutCrossAxisSizing":null,"name":"Countries/Asia/IN - India/2","isVisible":false,"boundaryRectangle":null,"style":null,"prototypeNodeUUID":null,"child":null,"constraints":null,"description":"","pbdlType":"global_color","color":{"a":1.0,"r":0.9700000286102295,"g":0.9869999885559082,"b":1.0}},{"UUID":"1:343","layoutMainAxisSizing":null,"layoutCrossAxisSizing":null,"name":"Countries/Asia/IN - India/1","isVisible":false,"boundaryRectangle":null,"style":null,"prototypeNodeUUID":null,"child":null,"constraints":null,"description":"","pbdlType":"global_color","color":{"a":1.0,"r":1.0,"g":0.5505149364471436,"b":0.10102982819080353}},{"UUID":"1:344","layoutMainAxisSizing":null,"layoutCrossAxisSizing":null,"name":"Countries/Asia/IN - India/3","isVisible":false,"boundaryRectangle":null,"style":null,"prototypeNodeUUID":null,"child":null,"constraints":null,"description":"","pbdlType":"global_color","color":{"a":1.0,"r":0.36836740374565125,"g":0.6651520133018494,"b":0.13472844660282135}},{"UUID":"1:345","layoutMainAxisSizing":null,"layoutCrossAxisSizing":null,"name":"Countries/Asia/IN - India/4","isVisible":false,"boundaryRectangle":null,"style":null,"prototypeNodeUUID":null,"child":null,"constraints":null,"description":"","pbdlType":"global_color","color":{"a":1.0,"r":0.23744994401931763,"g":0.34325072169303894,"b":0.8590295314788818}}],"textStyles":[],"themeColors":[],"themeTextStyles":[]},"pbdlType":"project"}